{
  "project_info": {
    "project_number": "621958191843",
    "firebase_url": "https://kropelka-95c92.firebaseio.com",
    "project_id": "kropelka-95c92",
    "storage_bucket": "kropelka-95c92.appspot.com"
  },
  "client": [
    {
      "client_info": {
        "mobilesdk_app_id": "1:621958191843:android:6b76a55a5601e223a083d6",
        "android_client_info": {
          "package_name": "com.filiplike.kropelka"
        }
      },
      "oauth_client": [
        {
          "client_id": "621958191843-eqcduc3g5bkojem5pe4lissjmri7qf1h.apps.googleusercontent.com",
          "client_type": 3
        }
      ],
      "api_key": [
        {
          "current_key": "AIzaSyBzsPuD9rEdCpfWtPATJiWfHjzFVR1Yjwo"
        }
      ],
      "services": {
        "appinvite_service": {
          "other_platform_oauth_client": [
            {
              "client_id": "621958191843-eqcduc3g5bkojem5pe4lissjmri7qf1h.apps.googleusercontent.com",
              "client_type": 3
            }
          ]
        }
      }
    }
  ],
  "configuration_version": "1"
}